{
  "ref_index": 0,
  "phases": {
    "1": {
      "dphi_comb_deg": 60.737086577548936,
      "dphi_comb_err_deg": 5.15725381020812,
      "visibility": 8.851601873921526,
      "csv": "C:\\Users\\weishan\\Desktop\\RbONN\\tpa_phase_pair1_vs0.csv"
    }
  }
}