{
  "sweep": [
    0.0,
    0.3,
    0.43999999999999995,
    0.58,
    0.72,
    0.8599999999999999,
    1.0
  ],
  "n_trials": 15,
  "center_wl": 778.0,
  "channels": [
    {
      "index": 0,
      "wl_x_nm": 778.0535593531503,
      "wl_w_nm": 777.9412095898829,
      "nominal_wl_nm": 777.9973844715166,
      "fit": {
        "eta": 0.02386897867629821,
        "eta_err": 0.0014009183499535242,
        "params": {
          "b": {
            "value": 0.0005697281430495787,
            "err": 6.687698044455108e-05
          },
          "a_x": {
            "value": 0.0011189227582885566,
            "err": 7.786954972843019e-05
          },
          "q_x": {
            "value": 0.00035534668506537594,
            "err": 6.78236507818771e-05
          },
          "a_w": {
            "value": 0.0014894631465177657,
            "err": 8.160316542744011e-05
          },
          "q_w": {
            "value": -0.0003982659680398262,
            "err": 6.781292646836475e-05
          },
          "d": {
            "value": 0.0002104281961098634,
            "err": 3.0325052463592917e-05
          }
        },
        "chi2_red": 6.871662781890771,
        "dof": 43,
        "birge": 2.621385660655595,
        "r2": 0.9952259913839465
      }
    },
    {
      "index": 3,
      "wl_x_nm": 778.3906086429525,
      "wl_w_nm": 777.6041603000806,
      "nominal_wl_nm": 777.9973844715166,
      "fit": {
        "eta": 0.020837552902366024,
        "eta_err": 0.0016769816188533391,
        "params": {
          "b": {
            "value": 0.00043420361095890275,
            "err": 6.988838639830374e-05
          },
          "a_x": {
            "value": 0.0011433300719983963,
            "err": 8.166219181981305e-05
          },
          "q_x": {
            "value": -8.374837101175325e-05,
            "err": 7.044435810672446e-05
          },
          "a_w": {
            "value": 0.0012295543111882007,
            "err": 8.496042398933846e-05
          },
          "q_w": {
            "value": -4.097539966772573e-06,
            "err": 7.277083943491213e-05
          },
          "d": {
            "value": 0.00018211092689658268,
            "err": 3.0127466098777858e-05
          }
        },
        "chi2_red": 9.568288557900201,
        "dof": 43,
        "birge": 3.0932650319525163,
        "r2": 0.9932666669245389
      }
    }
  ]
}