{
  "tgt_index": 1,
  "ref_index": 0,
  "dark_mean_v": 7.529668392401142e-05,
  "dark_drift_std_v": 7.048136747780238e-05,
  "n_trials": 10,
  "tgt_eta": 0.021102704522430925,
  "ref_eta": 0.02442037311455062,
  "fit": {
    "dphi_comb_rad": 1.0600621388470832,
    "dphi_comb_deg": 60.737086577548936,
    "dphi_comb_err_rad": 0.09001105934915445,
    "dphi_comb_err_deg": 5.15725381020812,
    "visibility": 8.851601873921526,
    "visibility_err": 0.539490984524754,
    "offset_v": 0.0003664389611301999,
    "chi2_red": 91.7282959278479,
    "dof": 12,
    "birge": 9.577489019980545,
    "r2": 0.8831870858161148
  }
}