{
  "sweep": [
    0.0,
    0.3,
    0.43999999999999995,
    0.58,
    0.72,
    0.8599999999999999,
    1.0
  ],
  "n_trials": 15,
  "center_wl": 0.0,
  "channels": [
    {
      "index": 0,
      "wl_x_nm": NaN,
      "wl_w_nm": NaN,
      "nominal_wl_nm": NaN,
      "fit": {
        "eta": 0.02442037311455062,
        "eta_err": 0.0013614782196663992,
        "params": {
          "b": {
            "value": 0.0005963546230538667,
            "err": 6.649561222317516e-05
          },
          "a_x": {
            "value": 0.0016435569483826986,
            "err": 7.780423514724895e-05
          },
          "q_x": {
            "value": -0.0003712275000136349,
            "err": 6.693875408864339e-05
          },
          "a_w": {
            "value": 0.0013638012328420583,
            "err": 7.84695566473417e-05
          },
          "q_w": {
            "value": -0.00047931632524891887,
            "err": 6.788841213760507e-05
          },
          "d": {
            "value": 0.00019092130333805816,
            "err": 2.8602243648995712e-05
          }
        },
        "chi2_red": 7.762333737557127,
        "dof": 43,
        "birge": 2.786096505427823,
        "r2": 0.9941719829900173
      }
    }
  ]
}