{
  "sweep": [
    0.0,
    0.3,
    0.43999999999999995,
    0.58,
    0.72,
    0.8599999999999999,
    1.0
  ],
  "n_trials": 12,
  "center_wl": 778.0,
  "channels": [
    {
      "index": 1,
      "wl_x_nm": 778.1659091164179,
      "wl_w_nm": 777.8288598266155,
      "nominal_wl_nm": 777.9973844715166,
      "fit": {
        "eta": 0.021102704522430925,
        "eta_err": 0.0014364446638003897,
        "params": {
          "b": {
            "value": 0.0004453241381610266,
            "err": 6.06257346060045e-05
          },
          "a_x": {
            "value": 0.0010770198191791488,
            "err": 7.579810059112174e-05
          },
          "q_x": {
            "value": -0.00022787168635830693,
            "err": 6.608469494548268e-05
          },
          "a_w": {
            "value": 0.00114145893932105,
            "err": 7.488728452712434e-05
          },
          "q_w": {
            "value": -0.0002712775957826498,
            "err": 6.317299866262185e-05
          },
          "d": {
            "value": 5.4202974878018095e-05,
            "err": 2.6339078466395727e-05
          }
        },
        "chi2_red": 1.6662432540187062,
        "dof": 43,
        "birge": 1.2908304513059436,
        "r2": 0.9916283021994535
      }
    }
  ]
}