{
  "sweep": [
    0.0,
    0.3,
    0.44,
    0.58,
    0.72,
    0.86,
    1.0
  ],
  "n_trials": 15,
  "center_wl": 0.0,
  "channels": [
    {
      "index": 3,
      "wl_x_nm": NaN,
      "wl_w_nm": NaN,
      "nominal_wl_nm": NaN,
      "fit": {
        "eta": 0.02083755285921225,
        "eta_err": 0.001676981619609953,
        "params": {
          "b": {
            "value": 0.0004342036091604645,
            "err": 6.988838628509953e-05
          },
          "a_x": {
            "value": 0.0011433300733662357,
            "err": 8.166219182254804e-05
          },
          "q_x": {
            "value": -8.374837118200768e-05,
            "err": 7.044435804994408e-05
          },
          "a_w": {
            "value": 0.0012295543113042598,
            "err": 8.496042397322683e-05
          },
          "q_w": {
            "value": -4.09753930982683e-06,
            "err": 7.277083946452308e-05
          },
          "d": {
            "value": 0.00018211092638334197,
            "err": 3.012746616507941e-05
          }
        },
        "chi2_red": 9.56828862209124,
        "dof": 43,
        "birge": 3.093265042328452,
        "r2": 0.9932666669083627
      }
    }
  ]
}