{
  "sweep": [
    0.0,
    0.3,
    0.44,
    0.58,
    0.72,
    0.86,
    1.0
  ],
  "n_trials": 12,
  "center_wl": 0.0,
  "channels": [
    {
      "index": 1,
      "wl_x_nm": NaN,
      "wl_w_nm": NaN,
      "nominal_wl_nm": NaN,
      "fit": {
        "eta": 0.021102704518421545,
        "eta_err": 0.0014364446639596525,
        "params": {
          "b": {
            "value": 0.00044532413799180915,
            "err": 6.0625734601207754e-05
          },
          "a_x": {
            "value": 0.0010770198202949771,
            "err": 7.579810061691245e-05
          },
          "q_x": {
            "value": -0.00022787168699905442,
            "err": 6.608469497949199e-05
          },
          "a_w": {
            "value": 0.0011414589402340357,
            "err": 7.48872845575859e-05
          },
          "q_w": {
            "value": -0.000271277596426352,
            "err": 6.317299870374057e-05
          },
          "d": {
            "value": 5.4202974550356044e-05,
            "err": 2.6339078476251677e-05
          }
        },
        "chi2_red": 1.6662432558029003,
        "dof": 43,
        "birge": 1.2908304519970468,
        "r2": 0.9916283021955793
      }
    }
  ]
}