{
  "ref_index": 0,
  "phases": {
    "3": {
      "dphi_comb_deg": 171.7297939791452,
      "dphi_comb_err_deg": 5.650180207815769,
      "a": 0.010360394804239968,
      "b": 0.05195103161065513,
      "csv": "C:\\Users\\weishan\\Desktop\\RbONN\\tpa_phase_pair3_vs0.csv"
    }
  }
}