{
  "l_init": [
    0.35,
    0.85,
    1.0,
    1.0,
    1.0,
    1.0,
    1.0,
    1.0
  ],
  "profile15": [
    0.35,
    0.85,
    1.0,
    1.0,
    1.0,
    1.0,
    1.0,
    1.0,
    1.0,
    1.0,
    1.0,
    1.0,
    1.0,
    0.85,
    0.35
  ],
  "c_floor": 0.002320465040464406,
  "anchors": {
    "0": {
      "anchor_offset": 0,
      "c_total": 0.09528096952197875,
      "eta": 0.9178390160802803,
      "reference_version": 1,
      "rmse": NaN,
      "bias": NaN,
      "mae": NaN,
      "p95": NaN,
      "max_error": NaN
    }
  }
}