{
  "stage1": {
    "loss": 0.9066645547920493,
    "l": [
      0.36138718837799855,
      0.6117232317293256,
      0.8465329434739985,
      1.0,
      1.0,
      1.0,
      1.0,
      1.0
    ]
  },
  "stage1_rerank": {
    "loss": 0.911500949961117,
    "l": [
      0.38387454042206964,
      0.6135774391538381,
      0.7909372519784079,
      1.0,
      1.0,
      1.0,
      1.0,
      1.0
    ]
  },
  "stage3": {
    "loss": 0.18850294633349102,
    "l": [
      0.38387454042206964,
      0.6135774391538381,
      0.7909372519784079,
      1.0,
      0.9982322330470336,
      1.0,
      0.9967677669529663,
      1.0
    ]
  },
  "stage3_rerank": {
    "loss": 0.1756316852532982,
    "l": [
      0.3847935183091822,
      0.6138519649340355,
      0.7910183260349569,
      1.0,
      0.9981799670282598,
      1.0,
      0.9968928821893347,
      1.0
    ]
  },
  "discrete_refine": {
    "loss": 0.19719571436091907,
    "l": [
      0.3847935183091822,
      0.6138519649340355,
      0.7910183260349569,
      1.0,
      0.9981799670282598,
      1.0,
      0.9968928821893347,
      1.0
    ]
  }
}