{
  "0": {
    "lut": {
      "commands": [
        0.0,
        0.010000000000000002,
        0.04000000000000001,
        0.09000000000000002,
        0.16000000000000003,
        0.25,
        0.3600000000000001,
        0.4900000000000001,
        0.6400000000000001,
        0.81,
        1.0
      ],
      "measured_amplitudes": [
        0.0,
        0.099729178193085,
        0.21775861330217305,
        0.3177443850016623,
        0.419997977874632,
        0.5152097767104481,
        0.6178071075294079,
        0.7198650528369186,
        0.8258344871000134,
        0.9219155842086757,
        1.0
      ]
    },
    "e_blank": 2.900969991316665e-10,
    "e_full": 1.078385581417393e-08
  }
}