{
  "sigma_a": 0.14582842061406334,
  "anchors": {
    "0": {
      "anchor_offset": 0,
      "c_total": 0.08607606728539191,
      "eta": 0.8790350422047459,
      "reference_version": 5,
      "rmse": 0.15095504924320152,
      "bias": 0.03554909545622431,
      "mae": 0.05519568681873671,
      "p95": 0.06336370229413751,
      "max_error": 0.6806968983636301
    }
  }
}