{
  "0": {
    "lut": {
      "commands": [
        0.0,
        0.0625,
        0.25,
        0.5625,
        1.0
      ],
      "measured_amplitudes": [
        0.0,
        0.2792725236884335,
        0.535021156424704,
        0.7881500891153418,
        1.0
      ]
    },
    "e_blank": 3.151377838180335e-10,
    "e_full": 9.76030547160097e-09
  }
}